URL,Title,Location,Salary,Summary
https://kr.indeed.com/jobs?jk=2b9e604e63e7e46d,[카카오커머스] 기술직군,성남 분당구,,"우대사항 - 전자금융 감독규정, PCIDSS에 대한 실무 경험이나 이해도가 높으신 분 - JAVA, Python, shell script 등 개발 역량을 갖추신 분 - 웹/앱 취약점 진단 및 모의해킹 역량을 갖추신..."
https://kr.indeed.com/jobs?jk=e3b2746350f16f16,"[대기업] 클라우드/IoT 플랫폼, 솔루션 개발",서울,,통신·모바일·게임>웹프로그래머> Python|인터넷·IT·통신·모바일·게임... 응용프로그래머>Linux|인터넷·IT·통신·모바일·게임>응용프로그래머> Python|인터넷·IT·통신·모바일·게임>시스템프로그래머>사물인터넷(IoT...
https://kr.indeed.com/jobs?jk=51df90967b46e8f0,[외국계 스타트업 미소] Business Analyst,서울,,통신·모바일·게임>빅데이터·AI(인공지능)>데이터분석|인터넷·IT·통신·모바일·게임>빅데이터·AI(인공지능)> Python|인터넷·IT·통신·모바일·게임>데이터베이스·DBA>MySQL|인터넷·IT·통신·모바일·게임>데이터베이스...
https://kr.indeed.com/jobs?jk=ff08b6c3b6b941d8,[하나금융융합기술원] Bigdata&AI 연구/엔지니어 부문 (~4/18),서울 강남구,,바일·게임>빅데이터·AI(인공지능)>인공지능(AI)|인터넷·IT·통신·모바일·게임>빅데이터·AI(인공지능)> Python|인터넷·IT·통신·모바일·게임>빅데이터·AI(인공지능)>자연어처리|인터넷·IT·통신·모바일·게임>빅데이터...
https://kr.indeed.com/jobs?jk=71c47ac87bb4087e,기술 인턴 인공지능 응용 연구/개발 인턴,서울 관악구,,"6개월) (협의) *모집 절차: 서류 à인터뷰(오프라인) *지원 자격: 프로그래밍 언어 활용 능력: Python, C, C++ 중 1가지 이상 데이터구조, 알고리즘 과목 이수 머신러닝과 딥러닝의 기본 개념 이해 머신러닝..."
https://kr.indeed.com/jobs?jk=6ab1a49ea7d89857,디자인팀 웹퍼블리셔 경력직,서울 중구,,로그래머>백엔드|인터넷·IT·통신·모바일·게임>웹프로그래머>프론트엔드|인터넷·IT·통신·모바일·게임>웹프로그래머> Python|인터넷·IT·통신·모바일·게임>웹프로그래머>ASP.NET|인터넷·IT·통신·모바일·게임>웹프로그래머...
https://kr.indeed.com/jobs?jk=49c2335270363fe6,Vision AI 알고리즘 및 응용서비스 개발자,성남 분당구,,게임>빅데이터·AI(인공지능)> Python|인터넷·IT·통신·모바일·게임... 로그래머>머신러닝(ML)|인터넷·IT·통신·모바일·게임>응용프로그래머> Python|인터넷·IT·통신·모바일·게임>ERP·시스템분석·설계>인공지능(AI...
https://kr.indeed.com/jobs?jk=e91b5984e7f5d3fd,"데이터베이스개발자, 웹개발 신입/경력 정규직",서울 영등포구,"연봉 36,000,000원 - 60,000,000원","개발자 ㆍCss/html 등 웹디자인 관련 유경험자 ㆍ자바스크립트, Python, C++, 닷넷 등 ㆍNode, Selenium, electron... 관련 유경험자ㆍ자바스크립트, Python, C++, 닷넷 등 ㆍNode..."
https://kr.indeed.com/jobs?jk=0d3e6cc3ce3e54f5,마케팅팀 블록체인 기반 서비스 개발자,성남 분당구,,"기반 서비스 개발을 합니다.(웹 서비스)직무소개영상 바로가기 이런 경험을 가진 분을 찾습니다. Java, Python, Javascript 기반 언어 중 한 가지 이상 능숙하신 분을 찾습니다.MySQL, noSQL 등 다양한..."
https://kr.indeed.com/jobs?jk=6d86e9f32d31c84f,LG CNS,서울,,"해가 뛰어난 자 - R, Python, SAS, SQL 등 활용 역량 우대사항(해당 내용 중 1개 이상) - ML/DL 경험 인력 우대 - 관련 분야 석사 이상 학위 소지자 우대 - R, Python등 데이터분석 모델링 경험..."
https://kr.indeed.com/jobs?jk=c35e9b72a11aa338,[신입/경력] 의료영상/음성인식/생체신호 연구원,서울 서초구,,게임>빅데이터·AI(인공지능)>인공지능(AI)|인터넷·IT·통신·모바일·게임>빅데이터·AI(인공지능)>딥러닝|인터넷·IT·통신·모바일·게임>응용프로그래머>C·C++|인터넷·IT·통신·모바일·게임>응용프로그래머> Python
https://kr.indeed.com/jobs?jk=44f52ea73a6d25da,기술 문서 작성 전문가,성남 분당구,"연봉 40,000,000원 - 100,000,000원",모바일·게임>빅데이터·AI(인공지능)>인공지능(AI)|인터넷·IT·통신·모바일·게임>빅데이터·AI(인공지능)> Python|인터넷·IT·통신·모바일·게임>빅데이터·AI(인공지능)>머신러닝|인터넷·IT·통신·모바일·게임>빅데이터...
https://kr.indeed.com/jobs?jk=cf2f92765ca8a147,[어니컴(주)] 데이터 분석가 신입/경력,서울 용산구,,이상- 프로그래밍 언어: R 혹은 Python 활용 가능- 통계 또는 기계... 데이터분석|인터넷·IT·통신·모바일·게임>빅데이터·AI(인공지능)> Python|인터넷·IT·통신·모바일·게임>빅데이터·AI(인공지능)>R|인터넷...
https://kr.indeed.com/jobs?jk=fc2c8a32869ade97,"(강남구 학동) 분야별, 백엔드 및 프론트 엔드 신입/경력 개발자",서울 강남구,"연봉 40,000,000원 - 50,000,000원","AWS, Centos, Node, Python, MongoDB) - 클라이... 게임>웹프로그래머>프론트엔드|인터넷·IT·통신·모바일·게임>웹프로그래머> Python|인터넷·IT·통신·모바일·게임>웹프로그래머>HTML·DHTML..."
https://kr.indeed.com/jobs?jk=62207843f8aee746,"[광고 추천] 데이터 사이언스, 머신러닝 전문가 영입",성남 판교역,,"Learning)에 관한 지식과 경험이 풍부한 분 ⁃ 하나 이상의 프로그래밍 언어에 능통한 분 (예, Python, R, Java, Scala, C/C++, Golang 등) ⁃ 단, 주니어는 머신러닝 기초 지식과 개발 역량..."
https://kr.indeed.com/jobs?jk=a6a789a6112b44fe,[신입/경력] 영상 인식 알고리즘 개발자,서울 구로구,,"1) 주요 업무 분야 : 머신 비젼, 영상 처리, 딥러닝 알고리즘 2) 사용 언어 : C, C++, Python 3) TensorFlow, Deep Learning 관련 지식 보유자 우대 4) Vision, Image..."
https://kr.indeed.com/jobs?jk=ca36dad4ca9dec3e,3D영상/딥러닝/메타버스 소프트웨어 개발자,서울 성동구,"연봉 30,000,000원 - 60,000,000원",지니어- 비대면 업무 시 의사소통이 가능한 엔지니어- 4년제 대졸 이상 관련학과 졸업자- C/C++/C#/ Python - 개발에 필요한 영어 독해력- 신입/경력 무관 우대사항 : - Unity / Unreal 개발 환경 능숙...
https://kr.indeed.com/jobs?jk=e13c32ba4eff23da,[FashionGo korea] 추천 통계 분석 및 모델 연구 개발,성남 판교역,,"튜닝, AB테스트, 결과 해석 등) - 리눅스 환경에서 머신 러닝 및 데이터 분석 관련 언어, 라이브러리( Python, R, SQL, tensorflow 등) 능숙한 활용 - 통계, 머신 러닝 등 관련 분야(통계학,산업..."
https://kr.indeed.com/jobs?jk=a24d8b9e384d21ec,웹 개발(풀스택) - 5년이상(데이터),서울 영등포구,,"개발지원자격[지원자격]1. 관련 경력 5년 이상2. 초대졸(전문학사) 이상[필요기술/지식 등]1. SQL, Python, C#, Azure[우대사항]1. 컴퓨터/전산/수학/통계 관련 학과 전공자2. 데이터 관련 자격증 보유..."
https://kr.indeed.com/jobs?jk=e7c8c2b11f24fb43,Software Engineer,서울,,"languages, including... limited to: C++, Java, C and Python. Excellent written and verbal communication skills. About..."
https://kr.indeed.com/jobs?jk=88fd25fcd85ba187,캐롯손해보험 인재 Pool 등록(2021),서울 중구,,그래머>웹개발|인터넷·IT·통신·모바일·게임>웹프로그래머>JAVA|인터넷·IT·통신·모바일·게임>웹프로그래머> Python|인터넷·IT·통신·모바일·게임>웹프로그래머>프론트엔드|인터넷·IT·통신·모바일·게임>웹프로그래머>백엔드...
https://kr.indeed.com/jobs?jk=f39228a4258c0f76,[TmaxEdu/R&D] 연구 개발자,성남 분당구,,"CSS, JavaScript, TypeScript [Server 개발(사용 언어)] - Java, Python, SQL [Framework(사용 언어)] - React.js, Spring [입사 지원 시 참고 사항..."
https://kr.indeed.com/jobs?jk=abdc136f65ceddd4,LG유플러스,서울,,"무를 경험하면서 조직과 함께 성장하고 싶으신 마인드를 보유하신 분 - Python 및 PyTorch, Tensorflow 등과 같은 딥러닝 프레임워크... 경력자 가능 - C/C++, Python, 딥러닝 프레임워크(PyTorch..."
https://kr.indeed.com/jobs?jk=68b7dec545fc950f,[NAVER Cloud] Media 서비스 개발,성남 분당구,,"DASH, DRM, WebRTC, etc)- Spring 환경에 대한 이해 및 다양한 개발 경험 또는 Go, Python, C/C++등을 이용한 플랫폼 개발 경험- 비동기 프로그래밍 등 고성능 어플리케이션 개발 경험- 클라이..."
https://kr.indeed.com/jobs?jk=5e83925b851c406f,PostgreSQL Engineer 모집,성남 판교역,,"분 ⁃ 새로운 분야의 기술 연구에 적극적인 분 ⁃ 다른 사람의 의견과 설명을 경청하고 잘 이해하는 분 ⁃ python, go, bash 등의 언어를 하나 이상 사용하실 수 있는 분 우대사항: ⁃ PostgreSQL을 1년..."
https://kr.indeed.com/jobs?jk=dc1112acd3f69893,지투알,서울,,"도출 및 마케팅/브랜드 전략 수립 우대사항 - 경영학, 산업공학, 통계학, 기타 유사 전공 우대 - Python, R, SQL 역량 보유자 근무지 : 여의도 근무형태 : 정규직 필수사항 - 광고대행사 Art Director..."
https://kr.indeed.com/jobs?jk=df3dd4b3269d6847,"[신입,경력] 스마트 교통시스템 임베디드 소프트웨어 개발자",서울 구로구,,"비젼, 영상 처리, 딥러닝 알고리즘 2) 사용 언어 : C, C++, Python 3) TensorFlow, Deep Learning 관련 지식 보유... 드웨어>소프트웨어|인터넷·IT·통신·모바일·게임>응용프로그래머> Python"
https://kr.indeed.com/jobs?jk=08f1a200826ddeda,[실내배송로봇 연구개발] - Computer Vision & Machine learning Engineer,서울 강서구,,개발 경험- C / C++ or Python 이해 및 개발 능숙[우대사항... Object pose estimation개발 경험- C / C++ or Python 이해 및 개발 능숙[우대사항]- CUDA 프로그래밍 개발 경험...
https://kr.indeed.com/jobs?jk=21f6f6ad0d0e6a83,클라우드(플랫폼 구축/개발/데이터수집연계),서울 마포구,,바일·게임>응용프로그래머> Python|인터넷·IT·통신·모바일·게임>통신·모바일>플랫폼(VM)|인터넷·IT·통신·모바일·게임>웹프로그래머>JAVA|인터넷·IT·통신·모바일·게임>웹프로그래머> Python|인터넷·IT·통신·모바...
https://kr.indeed.com/jobs?jk=69714189742f0915,[TmaxAI/R&D] NLP/음성 부문 AI모델 개발자,성남 분당구,,"22년 8월 졸업 예정자 [음성, 자연어처리] -관련 분야의 연구 경험 / 기본 지식 보유자 -기본적인 Python 프로그래밍이 가능하신 분 [감성 분석 / 신사업 솔루션 개발] -머신러닝 및 딥러닝, 언어모델의 종류와..."
https://kr.indeed.com/jobs?jk=40de6a4b81f8724f,[전문연구요원 신규편입/전직] 의료영상/음성인식/생체신호 연구원,서울 서초구,,인공지능)>텍스트마이닝|인터넷·IT·통신·모바일·게임>빅데이터·AI(인공지능)>인공지능(AI)|인터넷·IT·통신·모바일·게임>빅데이터·AI(인공지능)> Python|인터넷·IT·통신·모바일·게임>빅데이터·AI(인공지능)>딥러닝
https://kr.indeed.com/jobs?jk=2f56d4b70c1df086,하반기 인턴직 모집,서울 을지로2가,,"지니어 (IT 인프라 관리/운영) 서버, 네트워크 Bash, Java, Python ① 학력 : 초대졸 이상 (2020년 2월 이후 졸업/졸업예정... JavaScript, VC++, Python) 한솔 PNS IT 부문..."
https://kr.indeed.com/jobs?jk=3427e1501be6dc64,5G RAN R&D 소프트웨어 개발자 신입/경력0명 채용,서울,,"Erlang, Java, Python 부가적으로 사용되는 프로그래밍 언어: Erlang, Java, Python Recruitment... 스트는 C / C++ /Java/ Python 언어 중 선택으로 진행될 예정..."
https://kr.indeed.com/jobs?jk=a94cf0834846a087,2022년 상반기 IT 경력사원 모집,서울,,"관련경력 : 3~10년 - 프로그래밍 언어에 대한 전반적인 이해 (JAVA, Spring, Vue.js, Python 등) - 금융 또는 보험업권 도메인 경험 보유 - 클라우드(AWS) 인프라 경험 보유 우대 전형 절차 서류..."
https://kr.indeed.com/jobs?jk=d392e01df4c09df9,영상의학과 연구원,서울 종로구,"월급 2,000,000원",통신·모바일·게임>빅데이터·AI(인공지능)>비전인식|인터넷·IT·통신·모바일·게임>빅데이터·AI(인공지능)> Python|인터넷·IT·통신·모바일·게임>빅데이터·AI(인공지능)>딥러닝|인터넷·IT·통신·모바일·게임>빅데이터...
https://kr.indeed.com/jobs?jk=8af26b37623864c4,8퍼센트 개발자 (신입/경력),서울 종로구,,개발 금융 데이터 분석과 분석 플랫폼 운영 자격요건 컴퓨터 전공자 또는 웹 개발 경력 1년 이상 우대사항 Python 코드를 무리 없이 읽으실 수 있는 분 Linux/Mac 사용 가능한 분 새로운 기술에 대한 호기심을 가지신...
https://kr.indeed.com/jobs?jk=d39d5624bfcc6b01,인사분야 신입사원 모집,서울 역삼동,,"기획 • 전공무관 (상경계열 전공 우대) Trading • 전공무관 (상경/화공계열 전공 우대) • Python, VBA 등 코딩 능숙자 우대 재무(회계) • 전공무관 (재무관리/파생상품 관련 전공 우대) 구매..."
https://kr.indeed.com/jobs?jk=ea23fdac1fec9112,[PPM솔루션 클로바인] 연구소 IT 테크 직군 선행연구 개발자,서울 강남구,"연봉 30,000,000원 - 35,000,000원",백엔드|인터넷·IT·통신·모바일·게임>웹프로그래머>프론트엔드|인터넷·IT·통신·모바일·게임>웹프로그래머> Python|인터넷·IT·통신·모바일·게임>응용프로그래머>클라우드|인터넷·IT·통신·모바일·게임>응용프로그래머>C·C++...
https://kr.indeed.com/jobs?jk=408ea2e44ae396bc,"딥러닝, AI(컴퓨터비전) 분야 응용 프로그래머 (병역특례)",서울 금천구,,Key Word #영상처리 #Computer Vision #머신러닝 #Machine Learning #Object Detection #Semantic Segmentation #딥러닝 #AI #Deep Learning #객체...
https://kr.indeed.com/jobs?jk=4a3d80c0677225a6,[실내배송로봇 연구개발] - Robotics Software Engineer,서울 강서구,,로보틱스 기술 분야에 대한 이해 및 개발 경험- C / C++ or Python 이해 및 개발 능숙[우대사항]- 실내 자율 주행 개발 프로젝트 수행... 개발 경험- C / C++ or Python 이해 및 개발 능숙[우대사항...
https://kr.indeed.com/jobs?jk=71671f9e3614bff3,[TL] MMORPG 클라이언트 프로그래머 모집,성남 판교역,,"텐츠 개발 경험 우대사항 - Unreal Engine 에 대한 이해 - 블루프린트, UMG 에 대한 이해 - Python, Design Pattern, 게임 수학 제출서류 포트폴리오(선택사항) 전형단계 서류전형 1차 면접..."
https://kr.indeed.com/jobs?jk=5ab0b45dfa93411b,Data Engineer 신입사원,서울 강남구,,"분류, 개인정보 비식별화, 불량 코퍼스 필터링 등 다양한 ML 프로젝트 (예정)[자격요건]- Julia / Python / R 중에서 자신 있는 프로그래밍 언어가 있는 분- 하나의 데이터도 놓치지 않고 꼼꼼하게 관리할 수..."
https://kr.indeed.com/jobs?jk=58a2acc48f9dc16e,2022년 [이공계] IoT 센서 활용 플랫폼 구축 위한 임베디드 SW개발자 과정 교육생,서울 영등포구,,통신·모바일·게임>빅데이터·AI(인공지능)>데이터분석|인터넷·IT·통신·모바일·게임>빅데이터·AI(인공지능)> Python|인터넷·IT·통신·모바일·게임>빅데이터·AI(인공지능)>머신러닝|인터넷·IT·통신·모바일·게임>빅데이터...
https://kr.indeed.com/jobs?jk=465df667c86ba716,Associate Data Scientist,서울,,"testing, classification, or clustering Experience with Python programming language and writing SQL queries Bachelor’s degree..."
https://kr.indeed.com/jobs?jk=8e60094702b4fe05,웹시스템 및 솔루션 분야 프로그래머 및 웹퍼블리셔,서울 금천구,,"년 이하)학력사항: 대학(2,3년)졸업 이상직무기술: 웹프로그래밍, 웹개발, 자바, JQUERY, AJAX, PYTHON, 리눅스, SPRING, JAVASCRIPT, MYSQL, MYBATIS, 응용프로그래밍, 응용프로그램..."
https://kr.indeed.com/jobs?jk=ddb4285e5876ab62,국제경제/원자재 시장분석 애널리스트,서울 마포구,,"신소재/재료공학, 화공학 전공자프로그래밍 언어, 통계, 분석 프로그램 활용 가능자데이터 이해/가공 위해 Python 등 다양한 S/W 활용 가능자 0 명 근무조건 고용형태: 정규직(수습기간3개월)근무부서: 물가분석팀급여조건..."
https://kr.indeed.com/jobs?jk=7585ef1908280606,데이터표준화 부문 경력,서울 강남구,,"관리 2. 자격 요건 1) 필수 · Hadoop 데이터 플랫폼 사용 경험 · SQL, Spark(Scala, Python)등 데이터 처리 언어 1종 이상 숙련 · 대규모 트래픽 서비스, 대용량 배치처리 시스템의 Backend..."
https://kr.indeed.com/jobs?jk=c4145dce440c02f8,[전문연구요원 신규편입/전직] SW Engineer/Backend/Frontend 개발자,서울 서초구,,백엔드|인터넷·IT·통신·모바일·게임>웹프로그래머>프론트엔드|인터넷·IT·통신·모바일·게임>웹프로그래머> Python|인터넷·IT·통신·모바일·게임>응용프로그래머>Linux|인터넷·IT·통신·모바일·게임>응용프로그래머>인공지능...
https://kr.indeed.com/jobs?jk=a6aa51685a869bfb,[빅데이터플랫폼] 데이터 사이언티스트,성남 분당구,,3년 이상인 분· Python 언어에 기반한 데이터 분석 경험이 있는 분 인터넷·IT·통신·모바일·게임>빅데이터·AI(인공지능)>머신러닝|인터넷·IT·통신·모바일·게임>빅데이터·AI(인공지능)> Python|인터넷·IT·통신...
https://kr.indeed.com/jobs?jk=46253fd5b203d931,"[로봇개발본부(판교근무)] 각 분야별 (백엔드, WEB APP 개발, APP 개발)",성남 분당구,,게임>웹프로그래머>웹개발|인터넷·IT·통신·모바일·게임>웹프로그래머> Python|인터넷·IT·통신·모바일·게임>웹프로그래머>JAVA|인터넷·IT·통신... 통신·모바일·게임>응용프로그래머> Python|인터넷·IT·통신·모바일·게임...
https://kr.indeed.com/jobs?jk=d823a23999148503,[원익아이피에스] 상반기 대졸 공채,성남 삼평동,,"분석 관련 학과 [우대사항] - Python, R, Matlab, Scala경험자 - Tensorflow, Caffe, Torch, Theano,Spark 활용 능력 보유자 - Python기반 라이브러리 개발, 패키징..."
https://kr.indeed.com/jobs?jk=ac9068957c550cb3,데이터 전문가(모델러/분석가/엔지니어) 모집,성남 판교역,,대용량 데이터를 효율적으로 사용하기 위한 기반 데이터 가공 지원자격 데이터 사이언스를 위한 언어(R/ Python/Scala) 및 도구(scikit-learn/Spark MLlib/Tensorflow/Pytorch 등)를...
https://kr.indeed.com/jobs?jk=649ccf047c868778,"금융 데이터 분석 엔진, 로보어드바이저 개발자",서울 영등포구,,"시스템, 머신러닝, 자연어처리. 패턴분석 - 다음 언어에서 최소 한 가지 이상 능숙자: Java, C++, Python, JavaScript 우대사항 - 석사이상 컴퓨터공학 (Computer Science) 분야 또는..."
https://kr.indeed.com/jobs?jk=df21e3bb5d773616,Python Programmer,서울 서초구,,개발 – JAVA 프로그래밍(라이브러리 활용) – Spring 프레임 워크 개발 – Python API 프로그래밍 우대사항 – Python 개발 경험 – Open Source 라이브러리 개발경험 – Web 표준에 대한 경험...
https://kr.indeed.com/jobs?jk=13ee352b908603a8,빅데이터 클라우드 GuestOS 운영 부문 경력,서울 강남구,,"네트워크) 기본 지식 및 경험 - 가상화(KVM) 환경 설계/구축/운영 경험 - Shell script, Python 등 하나 이상의 스크립트 언어 사용 가능 2) 우 인터넷·IT·통신·모바일·게임>빅데이터·AI(인공지능..."
https://kr.indeed.com/jobs?jk=95552c6a816f23c9,[스타랩스] 웹개발(JAVA) 경력 정규직,서울 강남구,,수 있습니다. 인터넷·IT·통신·모바일·게임>웹프로그래머>웹개발|인터넷·IT·통신·모바일·게임>웹프로그래머>JAVA|인터넷·IT·통신·모바일·게임>웹프로그래머> Python|인터넷·IT·통신·모바일·게임>웹프로그래머>백엔드
https://kr.indeed.com/jobs?jk=1961a1ecccb03336,[NIT Service] 네이버 파이낸셜 플랫폼 운영,성남 분당구,,"및 어플리케이션 배포 전략 지식 보유 - Shell script, python 및 web framework 등 기타 프로그래밍 언어 활용 가능... 보유 - Shell script, python 및 web framework..."
https://kr.indeed.com/jobs?jk=87d1b6e81947eda3,"자율주행, 인공지능(AI) 외 신입/경력 계약직, 인턴",대구 달성군,,"신입도 지원 가능)ㆍ학력 : 학사이상(컴퓨터공학/기계공학/전기전자/자동차공학 계열 전공자)ㆍ필요기술 : Python, C++ㆍ해외 여행에 결격 사유가 없는자[우대사항]ㆍ자율주행 대회 참여 혹은 프로젝트 수행 경험 보유자ㆍ..."
https://kr.indeed.com/jobs?jk=211ae9efa1187c4c,[데이터엔지니어링팀] Data Engineer (경력 2년 이상),서울 종로구,,모바일·게임>빅데이터·AI(인공지능)>데이터분석|인터넷·IT·통신·모바일·게임>빅데이터·AI(인공지능)> Python|인터넷·IT·통신·모바일·게임>데이터베이스·DBA>SQL|인터넷·IT·통신·모바일·게임>데이터베이스·DBA>NoSQL
https://kr.indeed.com/jobs?jk=df228c302c3c8f9b,서버개발자(벡앤드) 정규직,서울 강남구,,시스템 개발 [자격요건]• 경력사항: 경력(3년 이상 7년 이하)• 학력사항: 학력무관• 중상급 이상의 Python 또는 JavaScript 언어 활용 가능자• Django 또는 Node.js rest framework에...
https://kr.indeed.com/jobs?jk=a1332e434f55081b,웹개발 / PHP / JAVA,성남 분당구,,로그래머>웹개발|인터넷·IT·통신·모바일·게임>웹프로그래머>백엔드|인터넷·IT·통신·모바일·게임>웹프로그래머>PHP |인터넷·IT·통신·모바일·게임>웹프로그래머> Python|인터넷·IT·통신·모바일·게임>웹프로그래머>JAVA
https://kr.indeed.com/jobs?jk=d0ca27a97ddf91f9,엔미디어플랫폼 데이터베이스 관리자 (DBA) 인재 안내,성남 분당구,,"운영 가능한 분 - DB관련 자격증 보유한 분 - 운영 자동화 스크립트(PowerShell, Shell, Python) 작성 가능한 분 - MongoDB, Redis에 관심 있으신 분 기타사항 - 서류 접수 이후 4주 이내로..."
https://kr.indeed.com/jobs?jk=22ffe020e40de675,[포티투마루] 인공지능(AI) 개발자 전 부문,서울 서초구,,인터넷·IT·통신·모바일·게임>빅데이터·AI(인공지능)> Python|인터넷·IT·통신·모바일·게임>빅데이터·AI(인공지능)>머신러닝|인터넷·IT·통신·모바일·게임>빅데이터·AI(인공지능)>딥러닝|인터넷·IT·통신·모바일·게임...
https://kr.indeed.com/jobs?jk=67e0245f25edc20c,[인포보스(주)] 인공지능개발팀 인재,서울 강남구,,"력무관)- 학력사항: 대학교(4년)졸업 이상(졸업예정자 가능)- TensorFlow, Keras를 포함한 python 기반 ML/DL 개발 경험이 있으신 분 (정부지원 교육 포함)- 데이터에 관한 자유로운 접근이 가능하신 분..."
https://kr.indeed.com/jobs?jk=804087ce50438552,Data Analyst,서울,,"Big Data/ unstructured data. Strong SQL, experience with python for data analysis. Experience working with cloud data..."
https://kr.indeed.com/jobs?jk=78da523b57be8023,[UI Framework] 개발 엔진 프로그래머 모집,성남 판교역,,게임 제작 관련 툴 개발 경험 상용 엔진 사용 경험 게임 UI 개발 경험 C++ 코딩 능력 우대사항 Python 코딩 경험 제출서류 포트폴리오(선택사항) 전형단계 서류전형 1차 면접 NCTEST 2차 면접 처우협의 입사...
https://kr.indeed.com/jobs?jk=2f8ef012e9d49c8a,애크미랩 활발한 데이터 엔지니어&분석가 찾습니다.,서울 강남구,,"에 대한 이해가 높으며, 관계형 데이터베이스, query authoring(SQL)에 대한 경험이 필요함- Python 사용 경험이 있으며, 이해가 높아야 함- ‘Big data’ data pipeline을 구축하고 최적화에..."
https://kr.indeed.com/jobs?jk=ce23ba9c76173497,Data Scientist (병역특례 가능),서울 금천구,,#빅데이터분석 #R #MySQL #Python #시각화 #서비스기획 #통계분석 #딥러닝 #AI #Deep Learning #CNN #Machine Learning 인터넷·IT·통신·모바일·게임>응용프로그래머>인공지능(AI...
https://kr.indeed.com/jobs?jk=4ae5eb5bb613a826,[클라우드플랫폼실] System Engineering팀 클라우드 엔지니어,서울 강남구,,라우드|인터넷·IT·통신·모바일·게임>응용프로그래머>Linux|인터넷·IT·통신·모바일·게임>응용프로그래머> Python|인터넷·IT·통신·모바일·게임>통신·모바일>플랫폼(VM)|인터넷·IT·통신·모바일·게임>ERP·시스템분석...
https://kr.indeed.com/jobs?jk=9fd7d0b3fa3b58b3,GC케어 Data 분석,서울 영등포구,,"고객 및 마케팅 관련 데이터 분석 [자격요건]- 데이터 마트 및 데이터 플랫폼 구축/기획 유경험자- Python, JMP 등 데이터 분석도구 또는 데이터베이스에 대한 높은 이해 - 건강관련 데이터 편집, 적재, 활용에 이르는..."
https://kr.indeed.com/jobs?jk=5b0068c3da1d2ce6,스칼라웍스 개발자 (병역특례 전문연구요원 가능),서울 금천구,,#영상처리 #Computer Vision #머신러닝 #Machine Learning #Object Detection #Semantic Segmentation #딥러닝 #AI #Deep Learning #객체 지향 프로그래밍...
https://kr.indeed.com/jobs?jk=bdd12e97801d78ca,클라우드 (플랫폼 운영),서울 마포구,,인터넷·IT·통신·모바일·게임>응용프로그래머>클라우드|인터넷·IT·통신·모바일·게임>응용프로그래머> Python|인터넷·IT·통신·모바일·게임>통신·모바일>플랫폼(VM)|인터넷·IT·통신·모바일·게임>웹프로그래머> Python
https://kr.indeed.com/jobs?jk=6093fd08d29821eb,[강소 스타트업] 백 엔드 개발자,서울 영등포구,,"백엔드를 구성하는 기술:- Node.js, Typescript, Python- AWS EC2, ECS- AWS S3, CloudFront - AWS... js, Typescript, Python- AWS EC2, ECS- AWS..."
https://kr.indeed.com/jobs?jk=5e347da805233753,"Software Engineer, Android Connectivity",서울 강남구,,"following languages: C, C++, Java, or Python.Preferred qualifications:5 years... 로그래머>JAVA|인터넷·IT·통신·모바일·게임>응용프로그래머> Python"
https://kr.indeed.com/jobs?jk=9341a1c5f3f6f741,[어니컴(주)] 데이터 분석 알고리즘 개발자,서울 용산구,,이터분석|인터넷·IT·통신·모바일·게임>빅데이터·AI(인공지능)> Python|인터넷·IT·통신·모바일·게임>빅데이터·AI(인공지능)>하둡(Hadoop... 통신·모바일·게임>응용프로그래머> Python|인터넷·IT·통신·모바일·게임...
https://kr.indeed.com/jobs?jk=462301b6bcc10e07,[경력] 광고 시스템 개발 / CJ ENM 엔터테인먼트부문,서울 마포구,,인터넷·IT·통신·모바일·게임>응용프로그래머>JAVA|인터넷·IT·통신·모바일·게임>응용프로그래머> Python|인터넷·IT·통신·모바일·게임>응용프로그래머>Linux|인터넷·IT·통신·모바일·게임>네트워크·서버·보안>UNIX...
https://kr.indeed.com/jobs?jk=582207ef91941686,Customer Experience Innovation Manager,서울 강남구,,으로 개선 가능한 고객의 Pain Point를 발굴해내요. 인터넷·IT·통신·모바일·게임>데이터베이스·DBA>SQL|마케팅·광고·홍보·조사>조사·분석·통계>통계·SAS|인터넷·IT·통신·모바일·게임>응용프로그래머> Python
https://kr.indeed.com/jobs?jk=bb8def1bbc377ec1,데이터 애널리스트 (Data Analyst),서울 영등포구,,"AWS Sagemaker 언어: Python, SQL 자격 요건 SQL... 리포팅 툴을 자유자재로 활용하실 수 있으셔야 합니다. 프로그래밍 언어( Python/R, etc)를 활용하여 데이터 분석을 원활하게 수행할 수 있으셔야..."
https://kr.indeed.com/jobs?jk=116009dbf59211ed,퍼즐데이터 역량있는 데이터 분석가,서울 역삼동,,"데이터 마이닝 및 통계분석에 대한 전반적인 이해 3. 관련분야(산업공학, 통계 등) 전공 4. R or Python 사용 능력 * 이런 분은 더욱 좋아요. 1. 프로세스 마이닝 지식 보유자 2. 관련분야 대학원 전공 3..."
https://kr.indeed.com/jobs?jk=d08809180d5c7a39,스마트팩토리/MES 부문 경력,서울 강남구,,C#|인터넷·IT·통신·모바일·게임>응용프로그래머>JAVA|인터넷·IT·통신·모바일·게임>응용프로그래머> Python|인터넷·IT·통신·모바일·게임>통신·모바일>플랫폼(VM)|인터넷·IT·통신·모바일·게임>통신·모바일>서비스기...
https://kr.indeed.com/jobs?jk=cadddc1d517bc19b,Renewable Energy Analyst,서울,,"other solar energy modeling tools; Experience utilizing Python, R or Matlab (or similar) for statistical analysis and data..."
https://kr.indeed.com/jobs?jk=f94102acc758f433,Explainable AI 연구 개발 신입 채용,성남 서현동,,"분야 박사 학력 이상(졸업예정 포함) - 연구에 필요한 필수 기술 능통( Python, R, Mathlap 등 언어의 종류는 무관) [선호 경험/역량... 연구에 필요한 도구 및 언어에 능통 ( Python, R등의 언어 능력과..."
https://kr.indeed.com/jobs?jk=32998063886b0d27,[컨트롤웍스] 제어엔지니어 신입,서울 강남구,,전공- Matlab / Simulink 프로그래밍에 자신 있는 분[우대사항]- 컨트롤러 설계 경험- C 또는 Python 프로그래밍 역량- 석사학위자의 경우 병역특례 가능- 운전가능자 1 명 근무조건 고용형태: 정규직(수습기...
https://kr.indeed.com/jobs?jk=e826dc59c8a17403,MLOps 플랫폼 연구/개발 경력 모집,성남 서현동,,"Troubleshooting 경험 - CI/CD 의 기본적인 이해와 관련 환경에서의 업무경험 ※ Language - Python 및 Node.js, Go 기반 Backend application 구현 능력 ※ 가상화 관련..."
https://kr.indeed.com/jobs?jk=c0f290b9dc436e3a,음성신호 처리/개발 부문 경력,서울 강남구,,등 open source DL framework에 대한 구현 경험 - Python/Javascript 개발 경력 3년 이상 혹은 그에 준하는 실력... 게임>빅데이터·AI(인공지능)> Python|인터넷·IT·통신·모바일·게임...
https://kr.indeed.com/jobs?jk=5cdf0254eb87cd7c,4월 11번가 Backend 개발 경력공채,서울 중구,,"2. 활용기술[서버 개발] - Spring Boot 2.x, Spring Cloud, Reactor, Python, Node.js - Oracle, MongoDB, MySQL, Kafka, Redis, Spring Cloud..."
https://kr.indeed.com/jobs?jk=ef74e78d3182ece9,11번가 MySQL DBA 분야,서울 중구,,구축 및 운영 경험Oracle에서 MySQL및 NoSQL 로의 전환 경험 Python 등 운영 시 사용할 수 있는 간단한 언어에 대한 기술 보유자근무지... 인터넷·IT·통신·모바일·게임>빅데이터·AI(인공지능)> Python
https://kr.indeed.com/jobs?jk=192b2b6c0c585295,컨텐츠 제품화 플랫폼 백엔드 개발자,서울 강남구,,"년이상 우대)- Python / MySQL / API 개발 (back-end 개발)- OpenCV 개발 유경험자- 원활한 커뮤니케이션이 가능하신 분[우대조건]MySQL DBA 업무 경험자 (설계, 운영 등) Python Web..."
https://kr.indeed.com/jobs?jk=b89f542a12786755,Cloud 기술 전문가,서울 중구,,"래밍 기술[Terraform, Python, Ansible, JAVA, C... 프로그래머>C·C++|인터넷·IT·통신·모바일·게임>응용프로그래머> Python|인터넷·IT·통신·모바일·게임>응용프로그래머>JAVA|인터넷·IT·통신..."
https://kr.indeed.com/jobs?jk=c9b99315daa0a2d9,천재교과서 IT부문,서울 금천구,,웹개발|인터넷·IT·통신·모바일·게임>응용프로그래머>JAVA|인터넷·IT·통신·모바일·게임>응용프로그래머> Python|인터넷·IT·통신·모바일·게임>ERP·시스템분석·설계>시스템엔지니어|인터넷·IT·통신·모바일·게임>네트워크...
https://kr.indeed.com/jobs?jk=b1ed4b7110bd017b,AI서비스 기획/개발 경력사원 공개채용,서울 상암동,,"머신러닝ㆍ딥러닝 알고리즘을 이용한 AI서비스 기획 및 개발 - 소프트웨어 개발 (C/C++/C#, Python 등 1개 이상) 우대사항 - 관련분야 석/박사 학위 소지자 또는 취득 예정자 - 미디어 AI서비스 기획..."
https://kr.indeed.com/jobs?jk=f5db967bfdd0390f,빅데이터 리더 정규직,안양 동안구,,모바일·게임>응용프로그래머> Python|인터넷·IT·통신·모바일·게임>응용프로그래머>클라우드|인터넷·IT·통신·모바일·게임>웹프로그래머>JAVA|인터넷·IT·통신·모바일·게임>웹프로그래머> Python|인터넷·IT·통신·모바일...
https://kr.indeed.com/jobs?jk=6141229c69b83068,Web Front-end 개발자,서울 서초구,,"Java Script, MariaDB 개발 플랫폼 : Visual Studio Code 우대 사항 : Python, Golang, RESTful API, Node.js, CSS, Docker, AWS, Azure, GCP..."
https://kr.indeed.com/jobs?jk=746abdcc1407ca49,임베디드 개발자,서울 송파구,,스템프로그래머>임베디드(Embedded)|인터넷·IT·통신·모바일·게임>시스템프로그래머>사물인터넷(IoT) 개발|인터넷·IT·통신·모바일·게임>응용프로그래머>C·C++|인터넷·IT·통신·모바일·게임>응용프로그래머> Python
https://kr.indeed.com/jobs?jk=50cfedd941e94bd5,[Vueron] 딥러닝 엔지니어 - 자율주행/라이다 처리,서울 강남구,,"담당업무 자격요건 인원 [담당업무]- 라이다 인지 기술 개발 (C/ Python)- 딥러닝/머신러닝 솔루션 연구, 디자인, 개발- 딥러닝/머신러닝을... 러닝 관련 경험- C/C++ 또는 Python[우대사항]- 전자전기/컴퓨터..."
https://kr.indeed.com/jobs?jk=e66ee4c95785e5f9,[진행중] 우리은행 AI사업부 전문직(인공지능[AI] 모델링 자연어처리) 채용공고,서울 회현동,,"이상 충족) - NLP, TA(Text Analysis) 등 자연어 처리 관련 프로젝트 경험 보유 - Python, R 등 프로그래밍 활용 역량 보유 - 딥러닝 프레임워크(Tensorflow, PyTorch 등) 기반..."
https://kr.indeed.com/jobs?jk=bed2cc057a547db9,"Solutions Architcet 전문가 (과장-이사급 00명) , 글로벌 Top 클라우드 서비스 기업",서울 강남구,,"루비 (Ruby), 파이썬 ( Python), Node.js 등 · 개발자... 응용프로그래머>클라우드|인터넷·IT·통신·모바일·게임>응용프로그래머> Python|인터넷·IT·통신·모바일·게임>응용프로그래머>머신러닝(ML)|인터넷..."
https://kr.indeed.com/jobs?jk=3b7dbdf85a326a6d,국내 대기업 - AI 및 딥러닝 관련 경력자,서울,,"관련 전문 지식 있는 분 - Python 또는 Scala, JAVA 활용... 레임워크 활용 역량 좋은 분- 자연어처리 관련 전문 지식 있는 분- Python 또는 Scala, JAVA 활용 역량- 미디어/커머스/전자/IT 업계..."
https://kr.indeed.com/jobs?jk=4ef9b74546c576c3,[KSTEC] RPA 신입/경력,성남 분당구,,"업계 6년 이상[우대사항]1. RPA 솔루션 경험자2. Java, Python, Java script 숙련자 신입/경력/PM0명 기타사항 해외여행에... 통신·모바일·게임>웹프로그래머> Python|인터넷·IT·통신·모바일·게임..."
https://kr.indeed.com/jobs?jk=e00d3977d633da67,[쿠키런: 오븐브레이크] 데이터 분석가 (경력),서울 강남구,,통신·모바일·게임>ERP·시스템분석·설계>데이터분석|인터넷·IT·통신·모바일·게임>응용프로그래머> Python|인터넷·IT·통신·모바일·게임>웹프로그래머> Python|인터넷·IT·통신·모바일·게임>데이터베이스·DBA>SQL
https://kr.indeed.com/jobs?jk=dba4da04e9685441,"웹프로그래머 /PHP, Python",인천 부평구,,"랍니다. *채용인원: 2명*담당업무: ㆍ웹개발 : 프로그램 개발 및 유지보수.자격요건: ? 언어 : PHP, Python ? 최소 1개 이상의 PHP 프레임워크(Codeigniter, Laravel 등) 에 대한 개발 경험이..."
https://kr.indeed.com/jobs?jk=4a0a7b36dbc554f9,Quantitative Research Intern,서울,,languages (C++ and Python preferred) Able... 예정자 우수한 학업 성적 프로그래밍 언어에 익숙한 분 (C++ 및 Python 선호) 영어로 의사소통이 가능하신 분 글로벌 금융 시장에 대해 배우려는...
https://kr.indeed.com/jobs?jk=14d562d10c215572,"PHP, Python 신입/경력 정규직",서울 금천구,,"주식회사 비즈부스터 PHP, Python 개발자 채용 모집부문 및 자격요건 담당업무 자격요건 인원 [담당업무]*당사의 서비스(비즈탑) 솔루션 및 서비... 프로그래머>PHP |인터넷·IT·통신·모바일·게임>웹프로그래머> Python"
https://kr.indeed.com/jobs?jk=bc222ba67ab691ab,Backend 개발자,서울 중구,,"처리가 가능한 API 서버 개발 ( Python, Go)- ML 모델 서빙을 위한 데이터 파이프라인 구성 및 Python SDK 개발- 데이터 서비스를... 서비스를 개발해 본 경험- Python 또는 Go 언어로 서비스를 개발해..."
https://kr.indeed.com/jobs?jk=f6a0cd3f6af36d15,"백엔드, Python 외 경력 정규직",서울 강남구,,개발 경력 5년 이상 또는 Python 개발 경력 1년 이상- React... 게임>웹프로그래머>백엔드|인터넷·IT·통신·모바일·게임>웹프로그래머> Python|인터넷·IT·통신·모바일·게임>웹프로그래머>웹개발|인터넷·IT·통신...
https://kr.indeed.com/jobs?jk=a3a8432e4ea8618d,[NHN COMMERCE] 데이터 엔지니어,서울 구로구,,모바일·게임>빅데이터·AI(인공지능)>데이터분석|인터넷·IT·통신·모바일·게임>빅데이터·AI(인공지능)> Python|인터넷·IT·통신·모바일·게임>응용프로그래머>클라우드|인터넷·IT·통신·모바일·게임>응용프로그래머>Linux...
https://kr.indeed.com/jobs?jk=d24c859a399ee56e,"JAVA, Python, R, C, C++ 외 신입/경력 개발자 정규직",서울 강남구,,"(주)이지서티 JAVA, Python, C, C++, C#임베디드... 게임>웹프로그래머>JAVA|인터넷·IT·통신·모바일·게임>웹프로그래머> Python|인터넷·IT·통신·모바일·게임>웹프로그래머>백엔드|인터넷·IT·통신..."
https://kr.indeed.com/jobs?jk=1d10e47b8fc35819,Student Training in Engineering Program 2022,서울 강남구,,"Computer Science or a related field.Programming experience in Java, Python, C... C++. About the job Student Training..."
https://kr.indeed.com/jobs?jk=5feffe0fc30e44eb,데이터 엔지니어 (Data Engineer),서울 영등포구,,"Apache Kafka 언어: Python, Scala, Go 인프라... 필요합니다. 하나 이상의 백엔드 프로그래밍 언어(e.g., Go, Python, Scala, Java)를 능숙히 활용하실 수 있으셔야 합니다. 클라우..."
https://kr.indeed.com/jobs?jk=016de9bb83a8032d,JR0186078 AI Research Engineer Intern,서울,,"architectures, and optimization strategiesProgramming skills with Python/C++Experience working with one or more deep learning..."
https://kr.indeed.com/jobs?jk=40080b54d1262279,"AI: 데이터분석 통한 예측모델링, 알고리즘, 개인화 추천 전문가 (과장/대리급), TOP금융그룹 투자",서울 영등포구,,지능)>텍스트마이닝|인터넷·IT·통신·모바일·게임>빅데이터·AI(인공지능)>인공지능(AI)|인터넷·IT·통신·모바일·게임>빅데이터·AI(인공지능)>데이터분석|인터넷·IT·통신·모바일·게임>빅데이터·AI(인공지능)> Python
https://kr.indeed.com/jobs?jk=84610059d3552ef1,(3200만이상/분당)만도연구소 소프트웨어 개발/검증 연구보조,성남 분당구,,SW 등 공학 관련 전공자 C사용 경험자 관련분야/업무 유경험자 우대 Python 가능자 우대 Vector Case 사용 경험자 우대 자동차부품 전문... 사용 경험자[우대요건] - Python 경험자 - Vector Case...
https://kr.indeed.com/jobs?jk=699aa046d9e3f44b,빅데이터센터 구축 개발자,서울 송파구,,"비스개발 경험자ㆍ웹 개발(Node.js, React, jsp, jQuery, Javsscript 등) 가능자ㆍ Python 개발, DB 컨트롤 가능자ㆍMysql 등의 RDBMS를 사용 경험자ㆍ대용량 트래픽 서비스를 개발경험자ㆍ..."
https://kr.indeed.com/jobs?jk=9cf0cfc08a28f815,[쿠키런 : 마녀의성] 데이터 분석가,서울 강남구,,통신·모바일·게임>빅데이터·AI(인공지능)>빅데이터|인터넷·IT·통신·모바일·게임>빅데이터·AI(인공지능)> Python|인터넷·IT·통신·모바일·게임>ERP·시스템분석·설계>데이터분석|인터넷·IT·통신·모바일·게임>ERP...
https://kr.indeed.com/jobs?jk=81acb2a4e44f99a4,Mid-level Software Engineer (Full-Stack Backend),서울,,"more than one software language (ex: C, C++, C#, Java, Python, Javascript, Model-based Engineering, and so... Web..."
https://kr.indeed.com/jobs?jk=704dd48d91ce3dbe,11번가 데이터 아키텍처 분야,서울 중구,,"DynamoDB, Kafka, python, 데이터 아키텍트, 데이터 엔지... 이터를 설계하고 필요한 기술set으로 개발하여 서비스에 전달 가능한자. Python, shell, Procedure 등을 통한 데이터 처리와 Batch..."
https://kr.indeed.com/jobs?jk=4c25d6649f8434a8,[외국계 스타트업 미소] Business Analyst Intern (정규직 전환형),서울,,통신·모바일·게임>빅데이터·AI(인공지능)>데이터분석|인터넷·IT·통신·모바일·게임>빅데이터·AI(인공지능)> Python|인터넷·IT·통신·모바일·게임>데이터베이스·DBA>MySQL|인터넷·IT·통신·모바일·게임>데이터베이스...
https://kr.indeed.com/jobs?jk=5b965ff74e147c7d,데이터PM(데이터 프로덕트) 정규직,서울 서초구,,통신·모바일·게임>빅데이터·AI(인공지능)>데이터분석|인터넷·IT·통신·모바일·게임>빅데이터·AI(인공지능)> Python|인터넷·IT·통신·모바일·게임>빅데이터·AI(인공지능)>R|인터넷·IT·통신·모바일·게임>빅데이터·AI...
https://kr.indeed.com/jobs?jk=4ab33c6198321f6e,"[대기업] 딥러닝 (AI, 영상인식) 전문가 (석박사급)",서울,,공지능)>딥러닝|인터넷·IT·통신·모바일·게임>빅데이터·AI(인공지능)> Python|인터넷·IT·통신·모바일·게임>빅데이터·AI(인공지능)>데이터분석... 통신·모바일·게임>응용프로그래머> Python|인터넷·IT·통신·모바일·게임...
https://kr.indeed.com/jobs?jk=69d3cc2cca262747,Machine Learning Engineer Intern - Korea,서울,,"Fluent... least one programming language including Python, Java, and Golang. Fluent in speaking and writing both Korean..."
https://kr.indeed.com/jobs?jk=867ffca15cd9a53d,[빅데이터플랫폼] 데이터 엔지니어,성남 분당구,,"Hadoop, Kafka, Flink 등을 사용한 대용량 데이터 처리에 능숙한 분· Java, Kotlin, Python 중 하나 이상의 언어에 익숙한 분· 총 경력이 3년 이상인 분 인터넷·IT·통신·모바일·게임>데이터베이..."
https://kr.indeed.com/jobs?jk=bcba0b2f668368ab,[아이티노매즈] S/W 개발자 등 각 부문,서울 구로구,,25px 인터넷·IT·통신·모바일·게임>응용프로그래머>JAVA|인터넷·IT·통신·모바일·게임>응용프로그래머> Python|인터넷·IT·통신·모바일·게임>응용프로그래머>머신러닝(ML)|인터넷·IT·통신·모바일·게임>데이터베이스...
https://kr.indeed.com/jobs?jk=475960d13409693d,[어니컴(주)] 자바 웹 개발자(빅데이터 시각화 및 분석 솔루션 개발),서울 용산구,,MS Azure와 같은 클라우드 환경에서의 구축 경험ㆍ Python 활용능력 혹은 Python 기반 프로젝트 수행 경험ㆍ리눅스(혹은 유닉스) 계열 시스... 게임>빅데이터·AI(인공지능)> Python|인터넷·IT·통신·모바일·게임...
https://kr.indeed.com/jobs?jk=863cee58578a183a,웹개발자(ASP개발) 경력직,서울 중구,,로그래머>백엔드|인터넷·IT·통신·모바일·게임>웹프로그래머>프론트엔드|인터넷·IT·통신·모바일·게임>웹프로그래머> Python|인터넷·IT·통신·모바일·게임>웹프로그래머>ASP.NET|인터넷·IT·통신·모바일·게임>웹프로그래머...
https://kr.indeed.com/jobs?jk=2b6c8e2c63278cc6,Software Engineer,서울 강남구,,"languages, including... limited to: C++, Java, C and Python.Excellent written and verbal communication skills. About..."
https://kr.indeed.com/jobs?jk=0e27c7fc87609143,"Software Engineer, Robotics",서울,,"구하고 필요한 기능을 개발합니다. 차세대 로봇 플랫폼 개발에 필요한 선행 연구를 수행합니다. 자격 요건 Python 및 C++ 개발 경력 3년 이상 혹은 그에 준하는 실력을 갖추신 분 알고리즘, 자료구조, 운영체제에 대한..."
https://kr.indeed.com/jobs?jk=89b2f784c88c8a1b,[신입/경력] SW Engineer/Backend/Frontend 개발자,서울 서초구,,인터넷·IT·통신·모바일·게임>웹프로그래머>백엔드|인터넷·IT·통신·모바일·게임>웹프로그래머>프론트엔드|인터넷·IT·통신·모바일·게임>응용프로그래머>인공지능(AI)|인터넷·IT·통신·모바일·게임>응용프로그래머> Python
https://kr.indeed.com/jobs?jk=e3f3b7e2103d9bc7,"웹개발, 백엔드 외 신입/경력 정규직",서울 강남구,,로그래머>웹개발|인터넷·IT·통신·모바일·게임>웹프로그래머>백엔드|인터넷·IT·통신·모바일·게임>웹프로그래머>프론트엔드|인터넷·IT·통신·모바일·게임>웹프로그래머> Python|인터넷·IT·통신·모바일·게임>웹프로그래머>PHP
https://kr.indeed.com/jobs?jk=3341e81bd21018e6,"(주)이포즌 기술개발팀 신입 개발자 공개 (JAVA, 백엔드)",서울 성동구,,"요건에 대하여 일부 미충족시에도 지원 가능) - JAVA, C++, Python 사용 가능 - RESTful API에 대한 이해 - RDBMS 사용... 그래머>Linux|인터넷·IT·통신·모바일·게임>응용프로그래머> Python"
https://kr.indeed.com/jobs?jk=b40a09bb26c18930,"S/W개발자, H/W개발자, 기구설계 전문가",서울 강서구,,"집부문 담당업무 자격요건 인원 S/W개발자H/W개발자기구설계직 [담당업무][S/W 개발]- C, C++, Python 프로그래밍 가능- 영상 처리, 컴퓨터 비전, 머신러닝, 비디오 스트리밍 관련 개발 경력 보유- OpenCV..."
https://kr.indeed.com/jobs?jk=6b7bdf459f04fbdc,데이터분석 플랫폼 개발,서울 마포구,,JAVA|인터넷·IT·통신·모바일·게임>응용프로그래머> Python|인터넷·IT·통신·모바일·게임>웹프로그래머>JAVA|인터넷·IT·통신·모바일·게임>웹프로그래머> Python|인터넷·IT·통신·모바일·게임>웹프로그래머>백엔드...
https://kr.indeed.com/jobs?jk=e6418aae584a56cf,[뉴플랫폼기술] 클라우드 보안플랫폼 개발자,성남 분당구,,"우드에서 1년 이상 서비스 개발/운영 경험이 있는 분· 하나 이상의 프로그래밍 언어(Javascript, Python, Go 등)에 익숙한 분· 클라우드 보안 아키텍쳐(IAM, SG, WAF 등)를 설계해본 경험이 있는 분우..."
https://kr.indeed.com/jobs?jk=2f3bdc82e6847a4f,서버 개발자 Python(Django) Developer (경력),서울 마포구,,유관직무 경력자 우대 서버 개발자 Python(Django) Developer... 있습니다.■ 자격 요건 인터넷·IT·통신·모바일·게임>웹프로그래머> Python|인터넷·IT·통신·모바일·게임>웹프로그래머>웹개발|인터넷·IT·통신...
https://kr.indeed.com/jobs?jk=031eec3794f09645,[데이터] 데이터 서비스/플랫폼 개발,성남 판교역,,"데이터 수집, 처리 및 지표 분석 경험 - 데이터 기반의 문제해결 역량 및 논리적 사고 - Java, Python, Scala 중 최소 1가지 언어를 이용한 데이터 분석 및 소프트웨어 개발 역량 - 통계분석, ML/AI..."
https://kr.indeed.com/jobs?jk=3617e30a1af44426,[NHN SOFT] Back-End 경력 개발자,성남 분당구,,통신·모바일·게임>웹프로그래머> Python|인터넷·IT·통신·모바일·게임... 로그래머>증강현실(AR)|인터넷·IT·통신·모바일·게임>응용프로그래머> Python|인터넷·IT·통신·모바일·게임>응용프로그래머>머신러닝(ML)|인터넷...
https://kr.indeed.com/jobs?jk=bb15074b0121e0eb,웹프로그래머 (FrontEnd) 기업부설연구소 연구원 #python #js #FullStack #모바일,서울 용산구,,"데이터 수집, 분석 및 가공 에 관련된 프로그램 개발 ( Python) REST API개발( Python)# 우대사항 javascript 개발경험 필수 python 개발 유경험자 우대 Android, iOS 개발 유경험자 우대..."
https://kr.indeed.com/jobs?jk=d75dda115e6bbcd5,[대형증권사] IT퀀트 개발자,서울 강남구,,"로세스에 대한 이해학력사항: 대학교(4년)졸업 - 이공계 전공, C#, Python,JavaScript,SQL 사용 가능 우대 0 명 근무조건 고용형태... 통신·모바일·게임>웹프로그래머> Python|인터넷·IT·통신·모바일·게임..."
https://kr.indeed.com/jobs?jk=169c34429b3b9f76,[연구개발 부문] 연구원 (MCU 계측제어설계/머신비전/이미지프로세싱),경기도 광명,,"프로그래밍 가능자 우대S/W 설계 부문 : - OPEN CV, TENSORFLOW, YOLO, CUDA/ Python, C++, C WindowsGUL APL, MFC Lib 활용 가능자. 머신비전/ 영상처리 개발자* 전기..."
https://kr.indeed.com/jobs?jk=135ebaa09a535c7e,[FashionGo korea] 추천 시스템 개발,성남 판교역,,"Linux, SQL/NoSQL 유경험자 - 컨테이너 기술 활용 경험 - C/C++, Java, golang, Python 등의 다양한 개발 언어 활용 경험 - Vespa-engine 경험 공통지원자격 - 병역필 혹은..."
https://kr.indeed.com/jobs?jk=0e86bd4b141d830d,[CARVI] 데이터사이언티스트,서울 금천구,,"계적 지식 보유자· 머신러닝 등 최신 알고리즘을 활용한 실제 비즈니스· 문제 해결 경험 보유자· SQL, Python, R 등 통계/분석 프로그램 능숙자* 전문연구요원 (병역특례) 지원가능 - 석사 학 인터넷·IT·통신·모바..."
https://kr.indeed.com/jobs?jk=fd5596eb9ca096ad,HANA Development Support Associate,서울,,"Knowledge of LINUX • Knowledge of Cloud infra • Knowledge of Python/shell-Scripting, C/C++ • Using C++-Debuggers (like GDB..."
https://kr.indeed.com/jobs?jk=eb235b21456f5507,Business Development Markets 경력직 채용,서울 강남구,,"ㆍ 글로벌 커뮤니케이션을 위한 영어 작문ㆍ회화 능력 (fluent or native) ㆍ Power BI, Python, SQL 등을 활용한 데이터 분석 역량 ㆍ Salesforce, MS Dynamic Sales 등 CRM..."
https://kr.indeed.com/jobs?jk=3544467a7b64376f,[전문연구요원] 의료영상 리서치 엔지니어 정규직,서울 마포구,,"학력무관직무기술: VISUALC++, 응용프로그래밍, C·C++, Python, AI개발 2 명 근무조건 고용형태: 정규직(수습기간3개월)근무부서... 머신러닝(ML)|인터넷·IT·통신·모바일·게임>응용프로그래머> Python"
https://kr.indeed.com/jobs?jk=e5711583b9248f38,[대형증권사] 파생퀀트,서울 강남구,,통신·모바일·게임>웹프로그래머>JAVA|인터넷·IT·통신·모바일·게임>웹프로그래머>프론트엔드|인터넷·IT·통신·모바일·게임>웹프로그래머> Python|인터넷·IT·통신·모바일·게임>웹프로그래머>HTML·DHTML·mHTML
https://kr.indeed.com/jobs?jk=543160a3af7f1354,"플랫폼 개발(Web, App, DataML) 및 플랫폼 운영/사업기획 정규직 경력사원 모집",서울 종로구,,"HYBRID) 개발 경험자 0명 플랫폼 개발(DataML) DataML - DE 또는 ML 업무 수행 경험 - Python, Java 중 1개 이상 언어 숙달 0명 플랫폼 운영 플랫폼 운영 - 퍼블릭 클라우드 서비스 운영..."
https://kr.indeed.com/jobs?jk=636cf4be726ad126,[NAVER Cloud] 리눅스 배포판 개발,성남 분당구,,"[역할]리눅스 OS 배포판 제작 업무- 리눅스 배포판 관련 소스 분석- C , Python 등을 이용하여 소스 분석 및 수정- 빌드 시스템 및 버그질라 시스템... 통신·모바일·게임>응용프로그래머> Python|인터넷·IT·통신·모바일·게임..."
https://kr.indeed.com/jobs?jk=a0fbc86f9a54abf7,[빅데이터기획팀] 부동산 데이터관리,서울 종로구,,빅데이터·AI(인공지능)>빅데이터|인터넷·IT·통신·모바일·게임>빅데이터·AI(인공지능)>데이터분석|인터넷·IT·통신·모바일·게임>빅데이터·AI(인공지능)> Python|인터넷·IT·통신·모바일·게임>데이터베이스·DBA>SQL
https://kr.indeed.com/jobs?jk=d158e683dc0b7500,파이썬 개발자 초중급 이상,서울 서초구,,전형 접수방법 채용시 접수방법: 인크루트 채용시스템 접수양식: 인크루트 이력서 기타 유의사항 입사지원서 및 제출서류에 허위사실이 있을 경우 채용이 취소될 수 있습니다. 인터넷·IT·통신·모바일·게임>응용프로그래머> Python
https://kr.indeed.com/jobs?jk=3cc1de6defbecfbf,"DevOps 엔지니어 ,백엔드,서버개발 정규직, 인턴직",서울 송파구,,"면접 후 결정 가능 [장애인채용희망여부] 비희망 [병역특례] - 비희망 [기타 우대내용] PHP, JS, Python가능자 Flutter 가능자 인터넷·IT·통신·모바일·게임>응용프로그래머>C·C++|인터넷·IT·통신·모바일..."
https://kr.indeed.com/jobs?jk=fbbe2016aab0d694,"[해외취업] 글로벌 무역서비스업체 웹개발자 - 현대, COSCO, 에버그린 파트너사",서울 역삼동,,"업무] 1. Coding, Python, PHP and so on 2. Knowledge about AWS or Azure 3. SQL 그 외 자격요건 - Understanding about Python, PHP, HTML5..."
https://kr.indeed.com/jobs?jk=,,성남 분당구,,"공학 분야 학사 이상□ 경력- C/C++를 이용한 GUI 개발 경력- Python 기반 딥러닝 프레임워크 (ex. Tensorflow, Pytorch... 게임>빅데이터·AI(인공지능)> Python|인터넷·IT·통신·모바일·게임..."
https://kr.indeed.com/jobs?jk=,,서울 용산구,,통신·모바일·게임>웹프로그래머> Python|인터넷·IT·통신·모바일·게임... 자바스크립트|인터넷·IT·통신·모바일·게임>빅데이터·AI(인공지능)> Python|마케팅·광고·홍보·조사>마케팅>마케팅기획|마케팅·광고·홍보·조사>마케...
https://kr.indeed.com/jobs?jk=,,성남 수정구,,시스템프로그래머>임베디드(Embedded)|인터넷·IT·통신·모바일·게임>응용프로그래머>C·C++|인터넷·IT·통신·모바일·게임>응용프로그래머>Linux|인터넷·IT·통신·모바일·게임>빅데이터·AI(인공지능)> Python
https://kr.indeed.com/jobs?jk=,,서울 강서구,,"개발 필요 역량 및 우대사항 * 칩셋 SW 분석 및 디버깅 경력 * Python, C, C++ 경험 * 통신 표준 기술, Protocol Layer... 호처리 알고리즘 개발 경력 - Python, C, C++ 경험 SW 개발..."
https://kr.indeed.com/jobs?jk=,,서울 용산구,,AI(인공지능)> Python|인터넷·IT·통신·모바일·게임>응용프로그래머>머신러닝(ML)|인터넷·IT·통신·모바일·게임>응용프로그래머>인공지능(AI)|인터넷·IT·통신·모바일·게임>응용프로그래머> Python|인터넷·IT·통신...
https://kr.indeed.com/jobs?jk=,,서울,,"programming languages, including: C/C++, Java, MATLAB, Go, Python, or similar. Ability to speak and write in English fluently..."
https://kr.indeed.com/jobs?jk=,,서울 중구,,통신·모바일·게임>응용프로그래머> Python|인터넷·IT·통신·모바일·게임... 게임>웹프로그래머>JAVA|인터넷·IT·통신·모바일·게임>웹프로그래머> Python|인터넷·IT·통신·모바일·게임>웹프로그래머>백엔드|인터넷·IT·통신...
https://kr.indeed.com/jobs?jk=,,성남 분당구,,"모델의 RTL IP 설계 및 IP 검증 가능자 - Language: Python/Perl, C/C++ [우대 조건] - ARM based SoC 설계... Linux, shell, tcl, python, perl 사용 원활..."
https://kr.indeed.com/jobs?jk=,,성남 분당구,,응용프로그래머> Python|인터넷·IT·통신·모바일·게임>HTML·퍼블리싱·UI개발>웹퍼블리셔(HTML코딩)|인터넷·IT·통신·모바일·게임>웹프로그래머>JAVA|인터넷·IT·통신·모바일·게임>웹프로그래머> Python|인터넷...
https://kr.indeed.com/jobs?jk=,,서울 영등포구+1 지역,,"BI(Business Intelligence) Tool 활용 가능 (Tableau, Qlik 등) - R, Python 활용 가능 모집기한: ~ 본 포지션 채용 시점까지 제출방법: LG그룹 채용사이트(LG Careers)를..."
https://kr.indeed.com/jobs?jk=,,서울 강남구,,"Data science experience including coding/scripting skills ( Python/Ruby/JS/Perl... plus. Collaborative, team oriented..."
https://kr.indeed.com/jobs?jk=,,서울 종로구,,"ML 등) 또는 오픈 소프( Python, R 등)을 활용한 데이터 분석 및... 패키지(SAS, SPSS, ML Package 등) 또는 오픈 소스( Python, R 등)를 활용한 데이터 분석 및 모형개발 프로젝트 경험자 우대..."
https://kr.indeed.com/jobs?jk=,,서울 서대문구,,C·C++|인터넷·IT·통신·모바일·게임>응용프로그래머>C#|인터넷·IT·통신·모바일·게임>응용프로그래머> Python|경영·인사·총무·사무>경영·기획·전략>전략기획|경영·인사·총무·사무>경영·기획·전략>경영기획|경영·인사...
https://kr.indeed.com/jobs?jk=,,서울 강남구,,"programming languages, including: C/C++, Java, MATLAB, Go, Python, or similar.Ability to speak and write in English fluently..."
https://kr.indeed.com/jobs?jk=,,서울 영등포구,,통신·모바일·게임>웹프로그래머> Python|인터넷·IT·통신·모바일·게임... 용프로그래머>자바스크립트|인터넷·IT·통신·모바일·게임>응용프로그래머> Python|인터넷·IT·통신·모바일·게임>시스템프로그래머>펌웨어·어셈블러|인터...
https://kr.indeed.com/jobs?jk=,,서울 서초구,,세히보기 FLO 사업 관리 담당자 자세히보기 Data Engineer( Python Backend 경력자) 자세히보기 서비스 기획자(Senior) 자세... 게임>빅데이터·AI(인공지능)> Python|인터넷·IT·통신·모바일·게임...
https://kr.indeed.com/jobs?jk=,,서울 광진구,,통신·모바일·게임>웹프로그래머> Python|인터넷·IT·통신·모바일·게임... 통신·모바일·게임>응용프로그래머> Python|인터넷·IT·통신·모바일·게임>빅데이터·AI(인공지능)> Python|인터넷·IT·통신·모바일·게임>웹디자...
https://kr.indeed.com/jobs?jk=,,성남 수정구,,"학력무관직무기술: 펌웨어(Firmware), Embedded System S/W 개발(판교) c/c++, Python 3 명 근무조건 고용형태: 정규직근무부서: 개발팀급여조건: 연봉 협의 후 결정 전형단계 및 제출서류 전형단..."
https://kr.indeed.com/jobs?jk=,,성남 분당구,,게임>빅데이터·AI(인공지능)> Python|인터넷·IT·통신·모바일·게임... 로그래머>머신러닝(ML)|인터넷·IT·통신·모바일·게임>응용프로그래머> Python|인터넷·IT·통신·모바일·게임>응용프로그래머>증강현실(AR)|인터넷...
https://kr.indeed.com/jobs?jk=,,성남 분당구,,"및 필요역량- 관련 분야 개발 경력 3년 이상- Scala/Java/ Python, Spark, Kafka(Stream) 기반 빅 데이터 처리 경험이... 로그래머>JAVA|인터넷·IT·통신·모바일·게임>응용프로그래머> Python"
https://kr.indeed.com/jobs?jk=,,서울 중구,,"경험상용 Backend 시스템 개발 / 운영 경험Elasticsearch, RDBMS(MySQL) 운영 경험 Python 등 프로그래밍 언어 개발 숙련자Linux 시스템 개발 및 운영 경험OS/네트워크/자료구조 등 관련 지식..."
https://kr.indeed.com/jobs?jk=,,서울 강남구,,"programming languages including: Java, C/C++, C#, Objective-C, Python, JavaScript, Go, etc.Ability to complete a 10-12 week..."
https://kr.indeed.com/jobs?jk=,,서울,,"혹은 사업/마케팅/그로스 등 유사 직무 업무 경험이 있으신 분 (인턴 등) - SQL 활용능력이 우수하고, Python/R 등 데이터분석을 위한 프로그래밍 역량을 가지신 분 - 태블로를 활용한 데이터 시각화/대시보드 작성..."
https://kr.indeed.com/jobs?jk=,,성남 분당구,,요구 능력] - ASM/C/C++/ Python 언어 코딩 기술 - 운영체제... 경험 - Windows/Linux 상에서 C++/ Python 언어 사용 개발 경험 - C++ / Python 언어 사용 개발 경험 - 객체지향 설계에...
https://kr.indeed.com/jobs?jk=,,서울 영등포구,,"격증 소지자 우대 증권, 파생상품 업무 개발 및 운영 유경험자 (주문, 증거금, 결제 등) 윈도우(MFC, Python 등), Web(Java 등) 프로그래밍 2년 이상 유경험자 Linux 환경에서 C, C++ 프로그래밍 2..."
https://kr.indeed.com/jobs?jk=,,성남 분당구,,통신·모바일·게임>데이터베이스·DBA>SQL|인터넷·IT·통신·모바일·게임>빅데이터·AI(인공지능)> Python|인터넷·IT·통신·모바일·게임>빅데이터·AI(인공지능)>R|인터넷·IT·통신·모바일·게임>빅데이터·AI(인공지능...
https://kr.indeed.com/jobs?jk=,,서울 서초구,,JAVA|인터넷·IT·통신·모바일·게임>응용프로그래머>C·C++|인터넷·IT·통신·모바일·게임>응용프로그래머> Python|인터넷·IT·통신·모바일·게임>응용프로그래머>자바스크립트|인터넷·IT·통신·모바일·게임>응용프로그래머...
https://kr.indeed.com/jobs?jk=,,서울특별시,,"분야에 관심이 많고 향후 HR 전문가로 성장하고 싶은 지원자 - 통계학 전공 또는 데이터 분석 역량(Ex. Python) 보유자 병역 및 기타사항 - 군필자 또는 면제자에 한하며, 해외여행에 결격사유가 없는 경우 지원 가능합..."
https://kr.indeed.com/jobs?jk=,,서울,,"we are building a new community around Python opscode for open source applications... who enjoy Python, have a passion..."
https://kr.indeed.com/jobs?jk=,,서울,,3D Max등의 아트웍 툴 사용 경험 Max script 또는 Mel Script의 사용 경험 C# 또는 Python 언어에 대한 이해 및 활용 능력 아트웍 관련 툴 제작 또는 플러그인 제작 경험 Electronic...
https://kr.indeed.com/jobs?jk=,,성남 수정구,,"(주)에바 모집부문 및 자격요건 모집부문 담당업무 자격요건 인원 자율주행 SW 엔지니어 Python응용SW [담당업무]ROS 개발, 로봇 주행 알고리즘 개발, SW Optimization[근무부서 및 직급/직책]근무부서: 개발팀..."
https://kr.indeed.com/jobs?jk=,,성남 분당구,,"머신러닝, 딥러닝 기술을 활용한 모형 개발 경험이 있는 분· SQL, Python, R 등을 사용한 데이터 핸들링 역량을 보유한 분· 적극적이고 원활... 게임>빅데이터·AI(인공지능)> Python|인터넷·IT·통신·모바일·게임..."
https://kr.indeed.com/jobs?jk=,,서울 종로구,,통신·모바일·게임>빅데이터·AI(인공지능)>데이터분석|인터넷·IT·통신·모바일·게임>빅데이터·AI(인공지능)> Python|인터넷·IT·통신·모바일·게임>빅데이터·AI(인공지능)>머신러닝|인터넷·IT·통신·모바일·게임>빅데이터...
https://kr.indeed.com/jobs?jk=,,서울,,"분야 학사 이상 경력 - C/C++를 이용한 GUI 개발 경력 - Python 기반 딥러닝 프레임워크 (ex. Tensorflow, Pytorch... 및 프로그래밍(C/C++ 또는 Python) 가능 [우대 요건] 자연어..."
https://kr.indeed.com/jobs?jk=,,서울 용산구,,통신·모바일·게임>빅데이터·AI(인공지능)>데이터분석|인터넷·IT·통신·모바일·게임>빅데이터·AI(인공지능)> Python|인터넷·IT·통신·모바일·게임>빅데이터·AI(인공지능)>머신러닝|인터넷·IT·통신·모바일·게임>빅데이터...
https://kr.indeed.com/jobs?jk=,,서울 강남구,,함한 TCP / IP 프로토콜 스택 및 OSI 모델의 실제 응용 프로그램에 대한 깊은 지식- Linux 기술- Python / Shell 프로그래밍을 활용한 작업 자동화 및 도구 개발 가능자 우대 사항 영어 / 중국어 가능자...
https://kr.indeed.com/jobs?jk=,,성남 판교역,,Windows Programming - Web Programming - Script languages ( Python 등) 제출서류 포트폴리오(필수) 전형단계 서류전형 1차 면접 NC TEST 2차 면접 처우협의 입사 도움말...
https://kr.indeed.com/jobs?jk=,,서울 마포구,,통신·모바일·게임>빅데이터·AI(인공지능)>데이터분석|인터넷·IT·통신·모바일·게임>빅데이터·AI(인공지능)> Python|인터넷·IT·통신·모바일·게임>빅데이터·AI(인공지능)>머신러닝|인터넷·IT·통신·모바일·게임>빅데이터...
https://kr.indeed.com/jobs?jk=,,대전 유성구,,트웨어|인터넷·IT·통신·모바일·게임>응용프로그래머>C·C++|인터넷·IT·통신·모바일·게임>응용프로그래머> Python|인터넷·IT·통신·모바일·게임>응용프로그래머>Android|인터넷·IT·통신·모바일·게임>ERP·시스템분...
https://kr.indeed.com/jobs?jk=,,성남 판교역,,"분 - 꼼꼼하고 책임감 강한 분 - 일에 대한 열정이 있는 분 - 데이터 분석에 대한 지식이 있는 분 ( Python, R 등) 공통지원자격 - 병역필 혹은 면제로 해외여행에 결격 사유가 없는 자 지원방법 - 온라..."
https://kr.indeed.com/jobs?jk=,,서울 성동구,,"Python/C++ 등을 활용한 머신러닝/딥러닝 프로젝트 개발ㆍ도로 환경 분석 프로그램 개발자격요건ㆍ경력 무관(신입 지원 가능)ㆍ Python/C++을 이용한 응용 프로그램 개발이 가능하신 분( Python, C++중 하나 이상..."
https://kr.indeed.com/jobs?jk=,,서울 강남구,,"합니다.- C#, Python, Javascript 등 다양한 언어와 환경을 사용합니다. 지원자격 인터넷·IT·통신·모바일·게임>응용프로그래머>C#|인터넷·IT·통신·모바일·게임>응용프로그래머> Python|인터넷·IT·통신..."
https://kr.indeed.com/jobs?jk=,,성남 분당구,,통신·모바일·게임>빅데이터·AI(인공지능)>데이터분석|인터넷·IT·통신·모바일·게임>빅데이터·AI(인공지능)> Python|인터넷·IT·통신·모바일·게임>빅데이터·AI(인공지능)>머신러닝|인터넷·IT·통신·모바일·게임>빅데이터...
https://kr.indeed.com/jobs?jk=,,서울 영등포구,,"대졸 이상(4년제) ㆍ경력 : 신입 및 경력ㆍ데이터 분석 역량 보유자 (데이터 분류 경험, R, SAS, Python 등 다뤄본 경험자) 우대요건 ㆍ석사학위 보유자ㆍ금융기관 리스크관리, 솔루션 개발업무 3년 이상 관련 경력자..."
https://kr.indeed.com/jobs?jk=,,성남 분당구,,"케이션 제작 및 유지보수 업무- Python, Golang, QT 중 선택... 2. 시스템프로그래머- Python, Golang, QT 중 선택 가능3. 영상데이터 분석 및 모델링- python기반 영상데이터 분석 및 모델링..."
https://kr.indeed.com/jobs?jk=,,서울 강남구,,"험을 풍성하게 할 기술 개발 작업에 참여합니다.- 머신러닝, VR 등 신기술을 탐색, 실험합니다.- C#, Python, Javascript 등 다양한 언어와 환경을 사용합니다. 인터넷·IT·통신·모바일·게임>게임(Game..."
https://kr.indeed.com/jobs?jk=,,성남 분당구,,"지능화 (의사결정 자동화) 시스템 개발 (SPSS, SAS, R, Python, Java 기반)2. 기업용 데이터과학 & 인공지능 플랫폼 솔루션3... 게임>빅데이터·AI(인공지능)> Python|인터넷·IT·통신·모바일·게임..."
https://kr.indeed.com/jobs?jk=,,서울 도화동,,"근무조건 정규직 급여 4000~5000만원 주 5일 | 오전 9시~오후 6시 서울 마포구 지하철 서울5호선 공덕역 지원자격 신입, 경력 무관, 경력무관 대학교(4년) 기업정보 2017년 설립(업력 6년) 사원 46명..."
https://kr.indeed.com/jobs?jk=,,서울 강남구,,"fluent or native) ㆍ 국내외 학사 학위 이상 또는 그에 준하는 자격 ㆍ Power BI, Python, SQL 등을 활용한 데이터 분석 역량 접수방법 채용홈페이지(https://career.kr.kpmg..."
https://kr.indeed.com/jobs?jk=,,서울 금천구,,"Top 10에 대한 설명과 구현/조치 가능 국내 컴플라이언스 대응 경험 (주요정보통신기반시설 가이드 등) Python 활용자 Kali 및 Metasploit 경험자-군필자, 경력자, 관련 학과 졸업자 우대 * 자격요건과 우대..."
https://kr.indeed.com/jobs?jk=,,서울 중구,,"Redshift, Snowflake 등) 설계, 개발, 운영 경험• Python/R/dbt, Kafka/Airflow 등을 사용하여 데이터 전처리를... 게임>빅데이터·AI(인공지능)> Python|인터넷·IT·통신·모바일·게임..."
https://kr.indeed.com/jobs?jk=,,인천,,litmus.oopy.io 참고이런 분을 찾습니다.필요 역량 및 경험- Python/R을 활용하여 대용량 데이터의 주요 특성을 추출하고 AI모델 설계... 전공자 우대- 기술/경험 · Python/R 프로그래밍 역량 중급 이상...
https://kr.indeed.com/jobs?jk=,,서울 양천구,,"2,3년)졸업 이상 기타: [IT·문화·직업강사] - C, C++, Python 언어 수업 가능자 [교육상담·학원에이전트 ] - CS 마인드 보유자... 이전트 ]- C, C++, Python 등의 코딩 수업 강의ㆍArduino..."
https://kr.indeed.com/jobs?jk=,,서울 양천구,,"End 개발 경력 2년 이상- Python, Java 중 한가지 언어를... 인공지능)> Python|인터넷·IT·통신·모바일·게임>ERP·시스템분석·설계>빅데이터|인터넷·IT·통신·모바일·게임>응용프로그래머> Python|인터넷..."
https://kr.indeed.com/jobs?jk=,,서울 용산구,,터공학 관련 졸업자 및 석사 우대 Python 등 코딩 업무 유 경험자 우대... 케팅·PM>통계·로그분석|인터넷·IT·통신·모바일·게임>웹프로그래머> Python|인터넷·IT·통신·모바일·게임>빅데이터·AI(인공지능)>빅데이터|인터...
https://kr.indeed.com/jobs?jk=,,서울 강남구,,"Platform 컨설팅> JAVA/ Python/JScript 등의 개발... 경력(연차무관)학력사항: 대학(2,3년)졸업 이상직무기술: java, Python, javascript기타: > Basic SQL, HTML, CSS..."
https://kr.indeed.com/jobs?jk=,,서울,,"경력5년 이상-통계분석과 Machine Learning알고리즘에 대한 기본지식 보유-SQL, SAS, R, Python 중2개 이상의 분석도구에 대한 기본 이해-현상에 대한 문제인식과 적극적인 문제해결의지-통계적 수치에 대한..."
https://kr.indeed.com/jobs?jk=,,서울 서초구,,[우대 요건] 1) 마케팅 전공자 2) 영어 커뮤니케이션 가능자 3) Python을 통한 프로그래밍 가능자 4) 구글 및 페이스북 셀프서브 가능자 5) GA 및 써드파티 트래커 활용 가능자 마케팅·광고·홍보·조사>마케팅>온라인마케팅
https://kr.indeed.com/jobs?jk=,,서울 강남구,,"업본부(강남) [자격요건]경력사항: 경력(5년 이상 15년 이하)학력사항: 대학교(4년)졸업 이상직무기술: Python, RESTful API, MySQL[우대사항]전공계열: 공학계열, 자연과학계열 00 명 근무조건 고용형태..."
https://kr.indeed.com/jobs?jk=,,서울,,"including... limited to: Java, C/C++, C#, Objective C, Python, JavaScript, or Go. Ability to speak and write in English..."
https://kr.indeed.com/jobs?jk=,,성남 분당구,,경험이 있는 분· 2년 이상의 개발 경험이 있는 분 인터넷·IT·통신·모바일·게임>빅데이터·AI(인공지능)> Python|인터넷·IT·통신·모바일·게임>빅데이터·AI(인공지능)>머신러닝|인터넷·IT·통신·모바일·게임>빅데이터...
https://kr.indeed.com/jobs?jk=,,성남 판교역,,"분야 석사 또는 박사 학위 소지자 적어도 하나 이상의 능숙한 프로그래밍 언어가 있으신 분 우대사항 Python, C++, GPU 프로그래밍 숙련자 TensorFlow, PyTorch, implicit 등 머신러닝/추천..."
https://kr.indeed.com/jobs?jk=,,성남 분당구,,"니터링, 알람 시스템 개발 및 관리를 합니다. 이런 경험을 가진 분을 찾습니다. Node.js, PHP, Python 개발 경험이 있으신 분을 찾습니다.Docker, Redis 경험이 있으신 분을 찾습니다.RESTful 기반..."
https://kr.indeed.com/jobs?jk=,,서울 금천구,,NginX 기반 PHP - HTML5 - Node.js / Python * IoT 시스템 - Embedded Linux 기반 (Node..js / Python) [자격요건]* 학력사항: 학력무관* 경력사항: 경력무관 1...
https://kr.indeed.com/jobs?jk=,,경기도 파주,,"Repair S/W제작) 2) 숙련된 Python , C/C++ 프로그래밍... 레이 공정/장비 운영/관리 경력을 2년 이상 보유하신 분 2) R, Python 등 코딩 능력을 갖추신 분 우대자격 1) OLED EVP, Photo..."
https://kr.indeed.com/jobs?jk=,,서울 강남구,,있습니다. 인터넷·IT·통신·모바일·게임>웹프로그래머>웹개발|인터넷·IT·통신·모바일·게임>응용프로그래머>C·C++|인터넷·IT·통신·모바일·게임>응용프로그래머>C#|인터넷·IT·통신·모바일·게임>응용프로그래머> Python
https://kr.indeed.com/jobs?jk=,,서울 마포구,,익숙하신 분 개발 환경 - Mysql - PHP / CodeIgniter - Javascript - Python / Django - Git / Github / Git flow 업무 역량 (1) 문제인식 주어진 상황이나...
https://kr.indeed.com/jobs?jk=,,서울,,"플랫폼 및 운영체제(Linux/RTOS 등) 이해 ㆍ마이크로컨트롤러 활용 경험/지식 [우대사항] ㆍJAVA/ Python 활용 역량 ㆍ기능안전 ISO26262, A-SPICE 프로세스 이해 ㆍHW 회로도 이해 및 분석 역량 ㆍ..."
https://kr.indeed.com/jobs?jk=,,서울,,"e.g. C, C++, Python, JavaScript... validation in scaleout system SDA python test script refactoring Intelligent Data..."
https://kr.indeed.com/jobs?jk=,,서울 신대방동,,"프로세싱 알고리즘 개발 경험자 - Open CV, Halcon, Python 사용자 - Vision SW 개발 경험자 - Deep Learning... Open CV, Halcon, Python 사용자 - Vision SW..."
https://kr.indeed.com/jobs?jk=,,성남 분당구,,"기계공학 고용형태 계약직 (기간 3개월) 근무예정지 경기도 성남시 분당구 분당로 인근지하철 직무내용 1. Python을 활용한 신규 개발 및 유지보수 - 우대: Debian환경, MariaDB 통신 경험자 경력조건 무관..."
https://kr.indeed.com/jobs?jk=,,서울 서대문구,,통신·모바일·게임>빅데이터·AI(인공지능)>데이터분석|인터넷·IT·통신·모바일·게임>빅데이터·AI(인공지능)> Python|인터넷·IT·통신·모바일·게임>빅데이터·AI(인공지능)>R|인터넷·IT·통신·모바일·게임>빅데이터·AI...
https://kr.indeed.com/jobs?jk=,,서울 서초구,,"개발• 운용 관련 시스템 개발 및 관리자격요건• 암호화폐 혹은 주식/파생 등 트레이딩 경험• 프로그래밍 능력( Python, R 등) 보유• 관련 경력 1~5년우대사항• 채권, 선물, 옵션, 보험 등 전통금융 상품에 대한 이해..."
https://kr.indeed.com/jobs?jk=,,서울 종로구,,"개발업무 - 금융 서비스 개발 - Python/Django 기반 - 정해진 역할이 아닌 기능에 따른 업무 분배 - 프로트엔드부터 백엔드까지 업무 범위... SQL 기본 - git flow - python, django 경험자 우대"
https://kr.indeed.com/jobs?jk=,,서울,,"등 사용 경험자 엔쓰리엔(주) Python, 인공지능(AI) 외 신입/경력... 있습니다. 인터넷·IT·통신·모바일·게임>빅데이터·AI(인공지능)> Python|인터넷·IT·통신·모바일·게임>빅데이터·AI(인공지능)>인공지능(AI..."
https://kr.indeed.com/jobs?jk=,,서울,,concepts in applications on host and devices Skilled in python... C++ programming/debugging/profiling for Linux...
https://kr.indeed.com/jobs?jk=,,서울 영등포구,,"년우대사항 컴퓨터/ 시스템공학 웹 서비스 개발 경력 1년 이상 Python/Django 기반 서비스 개발 경험 React, 풀스택 능숙자사용기술ㆍ Python, javascript, SQLㆍVue.js, DjangoㆍJAVA..."
https://kr.indeed.com/jobs?jk=,,서울 금천구,,게임>웹프로그래머>JAVA|인터넷·IT·통신·모바일·게임>웹프로그래머> Python|인터넷·IT·통신·모바일·게임>웹프로그래머>ASP|인터넷·IT·통신... 통신·모바일·게임>응용프로그래머> Python|인터넷·IT·통신·모바일·게임...
https://kr.indeed.com/jobs?jk=,,서울 관악구,,"중(9월예정) [지원자격] - 4년제 대학교 졸업 (전산관련학과 이수 또는 그에 상응하는 교육이수자) - Python, Java, C/C++ 등으로 개발 가능하신 분 - Unix/Linux 시스템에 대한 이해가 있으신 분..."
https://kr.indeed.com/jobs?jk=,,성남 분당구,,언어 실무 경험이 있는 분· Python 등의 스크립트 언어 실무 경험이... 용프로그래머> Python|인터넷·IT·통신·모바일·게임>웹프로그래머>JAVA|인터넷·IT·통신·모바일·게임>웹프로그래머> Python|인터넷·IT·통신...
https://kr.indeed.com/jobs?jk=,,서울 마포구,,인터넷·IT·통신·모바일·게임>웹프로그래머> Python|인터넷·IT·통신·모바일·게임>응용프로그래머> Python|인터넷·IT·통신·모바일·게임>웹기획·웹마케팅·PM>통계·로그분석|인터넷·IT·통신·모바일·게임>데이터베이스...
https://kr.indeed.com/jobs?jk=,,성남 수정구,,"인원 [담당업무] Python, C++, MFC, C를 이용하여 - OpenCV 로 Visual SLAM 개발- MFC, Python을 이용하여 GUI... 통신·모바일·게임>응용프로그래머> Python|인터넷·IT·통신·모바일·게임..."
https://kr.indeed.com/jobs?jk=,,서울 종로구,,어노테이션 파일 구성 및 형식 등 데이터 설계.2. 각 의료기관에서 수집된 액티그래피 데이터의 정제를 위한 Python 및 R 코드 개발.3. 수집된 데이터의 판독 및 검수 프로세스 관리4. 데이터 유효성 검증을 위한 AI...
https://kr.indeed.com/jobs?jk=,,서울 관악구,,"성별 : 무관 - 모집인원 : 0명 [기술 지원자격] - Linux 환경 개발 경력 - C/Java/ Python 개발 경력 - 서버 개발/운영 경력 [우대사항] - 자연어처리, 정보검색, 기계학습, 데이터 마이닝..."
https://kr.indeed.com/jobs?jk=,,성남 분당구,,"30대 정도 과장/대리급) - 서버 OS(Linux / Windows), 네트워크 지식 보유- Shell, Python 등 스크립트 언어 개발 능력- 시스템 장애 대응 및 조치 경험이 있으신 분- 시스템 개선을 위해 끊임없이..."
https://kr.indeed.com/jobs?jk=,,서울 성동구,,우대 사항3D 콘텐츠 개발 경험 (VR/AR)커뮤니케이션 (문서 작성 및 토론 능력)Unreal 개발 능력 Python 등 script 언어 사용MacOS / Linux 개발 환경 경험[근무부서 및 직급/직책]근무부서: 개발팀...
https://kr.indeed.com/jobs?jk=,,서울 강남구,,"이상의 유관 업무 경험 우대사항 GA, Tableau, SQL, Python 등 기본적인 데이터 분석 역량이 있으신 분 Zapier, Airtable... DBA>SQL|인터넷·IT·통신·모바일·게임>응용프로그래머> Python"
https://kr.indeed.com/jobs?jk=,,성남 분당구,,인터넷·IT·통신·모바일·게임>응용프로그래머> Python|인터넷·IT·통신·모바일·게임>빅데이터·AI(인공지능)> Python|인터넷·IT·통신·모바일·게임>웹프로그래머> Python|인터넷·IT·통신·모바일·게임>네트워크·서버...
https://kr.indeed.com/jobs?jk=,,성남 판교역,,"기술을 서비스에 적용하기 위한 MLOps 플랫폼을 개발합니다. 지원자격 학력 : 석사 이상 필수조건 - Python, Java등 한 가지 이상의 컴퓨터 프로그래밍 언어를 활용할 수 있으신 분 - 머신러닝/딥러닝 기술에 대한..."
https://kr.indeed.com/jobs?jk=,,서울 중구,,보유 경력 : 3년 이상- 학력/전공 : 학사 이상 / 전공 무관- Python 프로그래밍 역량 보유- Airflow와 같은 Workflow 도구를... 통신·모바일·게임>응용프로그래머> Python|인터넷·IT·통신·모바일·게임...
https://kr.indeed.com/jobs?jk=,,성남 판교역,,"분 - 통계/Machine Learning에 대한 이해와 활용 능력 및 text 처리 기술에 대한 경험 - Python, Java 등을 이용하여 NLP 기술을 구현 가능한 분 - 최신 기술(논문, 기술문서 등)을 습득하는..."
https://kr.indeed.com/jobs?jk=,,서울 영등포구,,인터넷·IT·통신·모바일·게임>응용프로그래머>C·C++|인터넷·IT·통신·모바일·게임>응용프로그래머> Python|인터넷·IT·통신·모바일·게임>응용프로그래머>머신러닝(ML)|인터넷·IT·통신·모바일·게임>빅데이터·AI(인공지...
https://kr.indeed.com/jobs?jk=,,서울 노원구,,게임>빅데이터·AI(인공지능)> Python|인터넷·IT·통신·모바일·게임... 조사·분석·통계>설문·리서치·모니터링|인터넷·IT·통신·모바일·게임>웹프로그래머> Python|인터넷·IT·통신·모바일·게임>응용프로그래머> Python
https://kr.indeed.com/jobs?jk=,,서울,,"DRAM memories 5 years experience in C/C+ programming, Python, Memory Reference Code (MRC... BIOS 5 years experience..."
https://kr.indeed.com/jobs?jk=,,서울 서초구,,인터넷·IT·통신·모바일·게임>웹프로그래머>백엔드|인터넷·IT·통신·모바일·게임>ERP·시스템분석·설계>시스템엔지니어|인터넷·IT·통신·모바일·게임>전산·IT기술지원>유지보수
https://kr.indeed.com/jobs?jk=,,서울 중구,,"Kubenetes, Python담당 직무11번가 Infra 조직은 현재... Kubernetes 및 Docker을 이용한 시스템 구축 경험이 있으신 분 Python, Shell, Java 등의 언어를 사용하여 운영 관리 도구를..."
https://kr.indeed.com/jobs?jk=,,서울,,"분 - 세그먼트 추출, 스코어 모델, 예측 모델, 마케팅 자동화 구축 경험이 있는 분 - SQL, R, Python, MS Excel 및 프로젝트 관리 도구 사용이 익숙하신 분 - Platform 비지니스에 대한 이해, 사업..."
https://kr.indeed.com/jobs?jk=,,경기도 성남,,"Phoenix DB 개발 유지 보수 [ 자격요건] - 경력 4년 이상이신 분 - PHP, Java, Python, Apache, Html5, MySQL Javascript, Linux 등 웹서비스 개발 지식과 경험이..."
https://kr.indeed.com/jobs?jk=,,서울 종로구,,통신·모바일·게임>웹프로그래머> Python|인터넷·IT·통신·모바일·게임... 로그래머>머신러닝(ML)|인터넷·IT·통신·모바일·게임>응용프로그래머> Python|인터넷·IT·통신·모바일·게임>응용프로그래머>증강현실(AR)|인터넷...
https://kr.indeed.com/jobs?jk=,,서울,,로그래머>백엔드|인터넷·IT·통신·모바일·게임>웹프로그래머>프론트엔드|인터넷·IT·통신·모바일·게임>웹프로그래머> Python|인터넷·IT·통신·모바일·게임>웹프로그래머>ASP.NET|인터넷·IT·통신·모바일·게임>웹프로그래머...
